{"Qsun": [0.0, 0.0, 0.00020000934600830078, 0.00029997825622558595, 0.0005186557769775391, 0.001204538345336914, 0.002275538444519043, 0.004779386520385742, 0.009612369537353515, 0.02039628028869629, 0.04066035747528076, 0.08659212589263916, 0.17445614337921142, 0.3784727811813354, 0.7641244411468506, 1.599579644203186, 3.243622899055481], "ProjectQ": [0.0, 0.0, 0.004732012748718262, 0.0015045642852783204, 0.0025187969207763673, 0.004323625564575195, 0.007840442657470702, 0.017645740509033205, 0.04262464046478272, 0.11650848388671875, 0.349100136756897, 1.1354906797409057, 3.9451213121414184, 14.364250349998475, 54.39047544002533, 210.56278278827668, 826.4051092863083], "Qiskit": [0.0, 0.0, 0.021938467025756837, 0.0006999731063842774, 0.0008001565933227539, 0.0011153459548950196, 0.0014241933822631836, 0.0018392324447631836, 0.002330374717712402, 0.005889749526977539, 0.0038558244705200195, 0.005383515357971191, 0.009275150299072266, 0.03227403163909912, 0.0316509485244751, 0.046768999099731444, 0.24335968494415283], "Pennylane": [0.0, 0.0, 0.0009079217910766601, 0.0008050918579101563, 0.0012047529220581056, 0.00171966552734375, 0.0022262096405029296, 0.002852201461791992, 0.0038646697998046876, 0.005062174797058105, 0.006691741943359375, 0.009459328651428223, 0.012579798698425293, 0.02405540943145752, 0.03435606956481933, 0.045260500907897946, 0.2166062355041504]}