{"Qsun": [0.0, 0.0, 0.0, 0.0, 0.0010008811950683594, 0.0019998550415039062, 0.003999233245849609, 0.00800013542175293, 0.015002965927124023, 0.030997276306152344, 0.06500077247619629, 0.13499879837036133, 0.2720003128051758, 0.5721471309661865, 1.1450495719909668], "ProjectQ": [0.0, 0.0, 0.001999378204345703, 0.0009999275207519531, 0.002998828887939453, 0.004999637603759766, 0.01000070571899414, 0.020999670028686523, 0.051999807357788086, 0.14499998092651367, 0.4112095832824707, 1.3056023120880127, 4.379460573196411, 15.552313089370728, 57.53751826286316], "Qiskit": [0.0, 0.0, 0.001001119613647461, 0.0010008811950683594, 0.0009999275207519531, 0.0009996891021728516, 0.0009996891021728516, 0.0029990673065185547, 0.003000020980834961, 0.0029997825622558594, 0.003999948501586914, 0.006001472473144531, 0.007998466491699219, 0.02241206169128418, 0.03299999237060547], "Pennylane": [0.0, 0.0, 0.04799985885620117, 0.046000003814697266, 0.05000042915344238, 0.048999786376953125, 0.05000042915344238, 0.05206012725830078, 0.05900120735168457, 0.0706946849822998, 0.08499860763549805, 0.13000106811523438, 0.28299927711486816, 0.33836960792541504, 0.6800765991210938]}