{
    "Qsun": [
        0.0,
        0.0,
        0.0005002021789550781,
        0.0,
        0.0009993314743041992,
        0.0019998550415039062,
        0.004000067710876465,
        0.007500290870666504,
        0.014499664306640625,
        0.03150010108947754,
        0.06422781944274902,
        0.13571655750274658,
        0.2695000171661377,
        0.5689998865127563,
        1.1402587890625
    ],
    "ProjectQ": [
        0.0,
        0.0,
        0.0010002851486206055,
        0.0019998550415039062,
        0.00299990177154541,
        0.005000472068786621,
        0.009999394416809082,
        0.021499991416931152,
        0.051500797271728516,
        0.14458096027374268,
        0.4083411693572998,
        1.2937194108963013,
        4.316358804702759,
        15.598464488983154,
        57.67594647407532
    ],
    "Qiskit": [
        0.0,
        0.0,
        0.0005000829696655273,
        0.001000046730041504,
        0.0009999275207519531,
        0.0009998083114624023,
        0.0015001296997070312,
        0.001999974250793457,
        0.001999974250793457,
        0.0034999847412109375,
        0.004000425338745117,
        0.005499601364135742,
        0.007781028747558594,
        0.02305889129638672,
        0.033037662506103516
    ],
    "Pennylane": [
        0.0,
        0.0,
        0.053999900817871094,
        0.04549992084503174,
        0.04655468463897705,
        0.05050158500671387,
        0.05099844932556152,
        0.055499911308288574,
        0.05900013446807861,
        0.06650054454803467,
        0.0895242691040039,
        0.12449991703033447,
        0.2275010347366333,
        0.37290000915527344,
        0.7262513637542725
    ]
}