{
    "Qsun": [
        0.0,
        0.000499725341796875,
        0.0004998445510864258,
        0.001000046730041504,
        0.0015003681182861328,
        0.0014996528625488281,
        0.0034998655319213867,
        0.002500176429748535,
        0.007000446319580078,
        0.06009268760681152
    ],
    "ProjectQ": [
        0.0004988908767700195,
        0.0004980564117431641,
        0.0010045766830444336,
        0.0009658336639404297,
        0.0019987821578979492,
        0.002499699592590332,
        0.005500078201293945,
        0.011500120162963867,
        0.02850019931793213,
        0.07999956607818604
    ],
    "Qiskit": [
        0.000499725341796875,
        0.0005000829696655273,
        0.000499725341796875,
        0.0005004405975341797,
        0.0004999637603759766,
        0.0004996061325073242,
        0.0009999275207519531,
        0.001000046730041504,
        0.0005000829696655273,
        0.0009999275207519531
    ],
    "Pennylane": [
        0.001000046730041504,
        0.0010001659393310547,
        0.0014996528625488281,
        0.0020003318786621094,
        0.0019998550415039062,
        0.0025000572204589844,
        0.0034999847412109375,
        0.0034998655319213867,
        0.004000067710876465,
        0.003999948501586914
    ]
}